Workbook

Sheet Users
A1: UserID | B1: UserName | C1: Age | D1: Gender | E1: Email
A2: U00001 | B2: wilsonjordan | C2: 15 | D2: Male | E2: patricia27@hotmail.com
A3: U00002 | B3: angela22 | C3: 29 | D3: Female | E3: hallrandy@hotmail.com
A4: U00003 | B4: morrisonamanda | C4: 33 | D4: Female | E4: ganderson@yahoo.com
A5: U00004 | B5: fthornton | C5: 23 | D5: Female | E5: christensencatherine@outlook.com
A6: U00005 | B6: fostergeoffrey | C6: 21 | D6: Male | E6: karenfuentes@yahoo.com
A7: U00006 | B7: jacksonjose | C7: 21 | D7: Male | E7: wilsonnatalie@outlook.com
A8: U00007 | B8: grodriguez | C8: 24 | D8: Male | E8: lopezjoseph@gmail.com
A9: U00008 | B9: adkinsapril | C9: 33 | D9: Female | E9: sanfordtaylor@gmail.com
A10: U00009 | B10: heathercallahan | C10: 20 | D10: Female | E10: chelseastephenson@outlook.com
A11: U00010 | B11: qlam | C11: 34 | D11: Female | E11: brian31@outlook.com
A12: U00011 | B12: ashley16 | C12: 15 | D12: Female | E12: guzmanantonio@outlook.com
A13: U00012 | B13: mirandatimothy | C13: 15 | D13: Female | E13: paula93@outlook.com
... A3001: U03000 | B3001: harperdouglas | C3001: 15 | D3001: Male | E3001: jackie41@gmail.com

Sheet Teachers
A1: TeacherID | B1: TeacherName | C1: Age | D1: Gender | E1: Expertise | F1: YearsOfExperience | G1: TeacherRating
A2: TC00001 | B2: Leonard Montgomery | C2: 44 | D2: Female | E2: Cybersecurity | F2: 6 | G2: 3.24
A3: TC00002 | B3: Jill Day | C3: 32 | D3: Female | E3: Digital Marketing | F3: 9 | G3: 4.14
A4: TC00003 | B4: Amber Torres | C4: 32 | D4: Male | E4: Design | F4: 4 | G4: 1.56
A5: TC00004 | B5: Kristi Scott | C5: 34 | D5: Female | E5: Machine Learning | F5: 9 | G5: 4.39
A6: TC00005 | B6: David Williams | C6: 34 | D6: Male | E6: Finance | F6: 2 | G6: 3.11
A7: TC00006 | B7: Rebecca Webb | C7: 49 | D7: Male | E7: Cybersecurity | F7: 14 | G7: 3.36
A8: TC00007 | B8: Angela Beard | C8: 28 | D8: Female | E8: Machine Learning | F8: 6 | G8: 4.36
A9: TC00008 | B9: Steven Walker | C9: 41 | D9: Male | E9: Data Science | F9: 15 | G9: 3.54
A10: TC00009 | B10: Alexander Tucker | C10: 49 | D10: Female | E10: Project Management | F10: 2 | G10: 2.22
A11: TC00010 | B11: Frances Sanchez | C11: 29 | D11: Male | E11: Data Science | F11: 1 | G11: 2.18
A12: TC00011 | B12: Carol Edwards | C12: 37 | D12: Female | E12: Artificial Intelligence | F12: 8 | G12: 3.55
A13: TC00012 | B13: Christopher Nelson | C13: 48 | D13: Female | E13: Cybersecurity | F13: 2 | G13: 3.85
... A61: TC00060 | B61: Benjamin Gray | C61: 48 | D61: Female | E61: Project Management | F61: 14 | G61: 3.32

Sheet Courses
A1: CourseID | B1: CourseName | C1: CourseCategory | D1: CourseType | E1: CourseLevel | F1: CoursePrice | G1: CourseDuration | H1: CourseRating
A2: CR00001 | B2: Python Basics | C2: Programming | D2: Paid | E2: Beginner | F2: 472.28 | G2: 11 | H2: 4.74
A3: CR00002 | B3: Java Programming | C3: Programming | D3: Free | E3: Intermediate | F3: 0 | G3: 37.7 | H3: 2.43
A4: CR00003 | B4: C++ for Beginners | C4: Programming | D4: Free | E4: Beginner | F4: 0 | G4: 19.53 | H4: 3.85
A5: CR00004 | B5: Advanced Python | C5: Programming | D5: Free | E5: Beginner | F5: 0 | G5: 45.13 | H5: 2.88
A6: CR00005 | B6: Full Stack Development | C6: Programming | D6: Free | E6: Beginner | F6: 0 | G6: 28.68 | H6: 1.28
A7: CR00006 | B7: Graphic Design Basics | C7: Design | D7: Paid | E7: Advanced | F7: 276.37 | G7: 48.84 | H7: 2.72
A8: CR00007 | B8: UI/UX Design | C8: Design | D8: Free | E8: Advanced | F8: 0 | G8: 48.68 | H8: 2.61
A9: CR00008 | B9: Photoshop Mastery | C9: Design | D9: Free | E9: Advanced | F9: 0 | G9: 2.87 | H9: 1.52
A10: CR00009 | B10: Web Design Fundamentals | C10: Design | D10: Free | E10: Beginner | F10: 0 | G10: 48.19 | H10: 4.51
A11: CR00010 | B11: 3D Modeling | C11: Design | D11: Free | E11: Advanced | F11: 0 | G11: 15.29 | H11: 4.45
A12: CR00011 | B12: Entrepreneurship 101 | C12: Business | D12: Paid | E12: Intermediate | F12: 326.02 | G12: 11.31 | H12: 2.69
A13: CR00012 | B13: Business Strategy | C13: Business | D13: Paid | E13: Advanced | F13: 487.92 | G13: 36.01 | H13: 3.64
... A61: CR00060 | B61: Content Creation | C61: Digital Marketing | D61: Free | E61: Beginner | F61: 0 | G61: 8.95 | H61: 2.14

Sheet Sheet1
A3: course id | B3: Enrollment Count | C3: Revenue
A4: CR00001 | B4: 164 | C4: 77453.92
A5: CR00002 | B5: 149 | C5: 0
A6: CR00003 | B6: 173 | C6: 0
A7: CR00004 | B7: 154 | C7: 0
A8: CR00005 | B8: 166 | C8: 0
A9: CR00006 | B9: 156 | C9: 43113.72
A10: CR00007 | B10: 178 | C10: 0
A11: CR00008 | B11: 158 | C11: 0
A12: CR00009 | B12: 155 | C12: 0
A13: CR00010 | B13: 180 | C13: 0
A14: CR00011 | B14: 151 | C14: 49229.02
A15: CR00012 | B15: 173 | C15: 84410.16
... A64: Grand Total | B64: 10000 | C64: 911323.47

Sheet Sheet3
A3: Row Labels | B3: Sum of Amount
A4: Artificial Intelligence | B4: 202750.67
A5: Business | B5: 181527.58
A6: Project Management | B6: 169103.21
A7: Programming | B7: 77453.92
A8: Data Science | B8: 77052.32
A9: Cybersecurity | B9: 59139
A10: Digital Marketing | B10: 56261.32
A11: Design | B11: 43113.72
A12: Finance | B12: 28106.2
A13: Web Development | B13: 16682.15
A14: Machine Learning | B14: 133.38
A15: Marketing | B15: 0
A16: Grand Total | B16: 911323.47

Sheet Transactions
A1: TransactionID | B1: UserID | C1: CourseID | D1: TransactionDate | E1: Amount | F1: PaymentMethod | G1: TeacherID | H1: CourseCategory
A2: TT00001 | B2: U00003 | C2: CR00016 | D2: 45955 | E2: 0 | F2: PayPal | G2: TC00040 | H2: =IFERROR(VLOOKUP(TRIM(CLEAN(C2)),Courses!$A$1:$H$61,3,0),"unknow") -> Marketing
A3: TT00002 | B3: U00003 | C3: CR00037 | D3: 45670 | E3: 0 | F3: PayPal | G3: TC00040 | H3: =IFERROR(VLOOKUP(TRIM(CLEAN(C3)),Courses!$A$1:$H$61,3,0),"unknow") -> Project Management
A4: TT00003 | B4: U00003 | C4: CR00019 | D4: 45744 | E4: 0 | F4: Bank Transfer | G4: TC00040 | H4: =IFERROR(VLOOKUP(TRIM(CLEAN(C4)),Courses!$A$1:$H$61,3,0),"unknow") -> Marketing
A5: TT00004 | B5: U00004 | C5: CR00048 | D5: 45810 | E5: 0 | F5: Bank Transfer | G5: TC00040 | H5: =IFERROR(VLOOKUP(TRIM(CLEAN(C5)),Courses!$A$1:$H$61,3,0),"unknow") -> Artificial Intelligence
A6: TT00005 | B6: U00004 | C6: CR00060 | D6: 45879 | E6: 0 | F6: PayPal | G6: TC00042 | H6: =IFERROR(VLOOKUP(TRIM(CLEAN(C6)),Courses!$A$1:$H$61,3,0),"unknow") -> Digital Marketing
A7: TT00006 | B7: U00004 | C7: CR00042 | D7: 45960 | E7: 0 | F7: Credit Card | G7: TC00042 | H7: =IFERROR(VLOOKUP(TRIM(CLEAN(C7)),Courses!$A$1:$H$61,3,0),"unknow") -> Finance
A8: TT00007 | B8: U00004 | C8: CR00017 | D8: 45786 | E8: 0 | F8: Bank Transfer | G8: TC00042 | H8: =IFERROR(VLOOKUP(TRIM(CLEAN(C8)),Courses!$A$1:$H$61,3,0),"unknow") -> Marketing
A9: TT00008 | B9: U00004 | C9: CR00025 | D9: 45784 | E9: 299.57 | F9: Credit Card | G9: TC00040 | H9: =IFERROR(VLOOKUP(TRIM(CLEAN(C9)),Courses!$A$1:$H$61,3,0),"unknow") -> Data Science
A10: TT00009 | B10: U00013 | C10: CR00003 | D10: 45935 | E10: 0 | F10: PayPal | G10: TC00040 | H10: =IFERROR(VLOOKUP(TRIM(CLEAN(C10)),Courses!$A$1:$H$61,3,0),"unknow") -> Programming
A11: TT00010 | B11: U00013 | C11: CR00032 | D11: 45929 | E11: 0 | F11: Bank Transfer | G11: TC00040 | H11: =IFERROR(VLOOKUP(TRIM(CLEAN(C11)),Courses!$A$1:$H$61,3,0),"unknow") -> Cybersecurity
A12: TT00011 | B12: U00013 | C12: CR00060 | D12: 45987 | E12: 0 | F12: PayPal | G12: TC00042 | H12: =IFERROR(VLOOKUP(TRIM(CLEAN(C12)),Courses!$A$1:$H$61,3,0),"unknow") -> Digital Marketing
A13: TT00012 | B13: U00013 | C13: CR00030 | D13: 45677 | E13: 0 | F13: Bank Transfer | G13: TC00042 | H13: =IFERROR(VLOOKUP(TRIM(CLEAN(C13)),Courses!$A$1:$H$61,3,0),"unknow") -> Machine Learning
... A10001: TT10000 | B10001: U02984 | C10001: CR00043 | D10001: 45948 | E10001: 0 | F10001: Credit Card | G10001: TC00042 | H10001: =IFERROR(VLOOKUP(TRIM(CLEAN(C10001)),Courses!$A$1:$H$61,3,0),"unknow") -> Finance
